{"cameraMode":{"drawMode":0,"name":"Shaded","section":"Shading Mode"},"sceneLighting":true,"audioPlay":false,"sceneViewState":{"m_AlwaysRefresh":false,"showFog":true,"showSkybox":true,"showFlares":true,"showImageEffects":true,"showParticleSystems":true,"showVisualEffectGraphs":true,"m_FxEnabled":true},"in2DMode":false,"pivot":{"x":-0.5444777011871338,"y":1.3388811349868775,"z":-2.011112689971924},"rotation":{"x":-0.08957637846469879,"y":0.017649885267019273,"z":-0.0015627897810190917,"w":-0.9958300590515137},"size":0.1523686796426773,"orthographic":false}