{"cameraMode":{"drawMode":0,"name":"Shaded","section":"Shading Mode"},"sceneLighting":true,"audioPlay":false,"sceneViewState":{"m_AlwaysRefresh":false,"showFog":true,"showSkybox":true,"showFlares":true,"showImageEffects":true,"showParticleSystems":true,"showVisualEffectGraphs":true,"m_FxEnabled":true},"in2DMode":false,"pivot":{"x":-0.16319279372692109,"y":0.6205360889434815,"z":0.10982561111450196},"rotation":{"x":0.06172645837068558,"y":0.4361116290092468,"z":0.030015934258699418,"w":-0.8972785472869873},"size":1.2006374597549439,"orthographic":false}