{"cameraMode":{"drawMode":0,"name":"Shaded","section":"Shading Mode"},"sceneLighting":true,"audioPlay":false,"sceneViewState":{"m_AlwaysRefresh":false,"showFog":true,"showSkybox":true,"showFlares":true,"showImageEffects":true,"showParticleSystems":true,"showVisualEffectGraphs":true,"m_FxEnabled":true},"in2DMode":false,"pivot":{"x":-0.2662732005119324,"y":0.06672381609678269,"z":-2.274057388305664},"rotation":{"x":-0.06566260010004044,"y":-0.003272382076829672,"z":0.00023907503054942936,"w":-0.997844398021698},"size":2.116905689239502,"orthographic":false}